sku,route_exposure,feature,importance
NS-003,Asia-Suez,trend_day,0.05665004556557986
NS-003,Asia-Suez,day_of_week,0.1159886212250528
NS-003,Asia-Suez,month,0.12544208329849352
NS-003,Asia-Suez,dow_sin,0.09034031587595881
NS-003,Asia-Suez,dow_cos,0.015520940762384394
NS-003,Asia-Suez,doy_sin,0.07619772243703758
NS-003,Asia-Suez,doy_cos,0.042138752051933105
NS-003,Asia-Suez,lag_1,0.0371128420431403
NS-003,Asia-Suez,lag_7,0.06510903276050144
NS-003,Asia-Suez,lag_14,0.04320552436594667
NS-003,Asia-Suez,lag_28,0.051811375030489236
NS-003,Asia-Suez,rolling_mean_7,0.10736397086926265
NS-003,Asia-Suez,rolling_mean_28,0.05707143846375396
NS-003,Asia-Suez,rolling_std_7,0.0622103754107598
NS-003,Asia-Suez,rolling_std_28,0.053836959839705864
NS-033,Regional-Europe,trend_day,0.07601440058137439
NS-033,Regional-Europe,day_of_week,0.09903389387548192
NS-033,Regional-Europe,month,0.10115773959588323
NS-033,Regional-Europe,dow_sin,0.08170097148053782
NS-033,Regional-Europe,dow_cos,0.01846854542843103
NS-033,Regional-Europe,doy_sin,0.06904328123526456
NS-033,Regional-Europe,doy_cos,0.05625423732715831
NS-033,Regional-Europe,lag_1,0.04399943584543054
NS-033,Regional-Europe,lag_7,0.06610271806441874
NS-033,Regional-Europe,lag_14,0.05507661560944539
NS-033,Regional-Europe,lag_28,0.049401521082540936
NS-033,Regional-Europe,rolling_mean_7,0.07298616357922474
NS-033,Regional-Europe,rolling_mean_28,0.0709916186963653
NS-033,Regional-Europe,rolling_std_7,0.05978357770657117
NS-033,Regional-Europe,rolling_std_28,0.07998527989187201
NS-048,Air-or-Other,trend_day,0.07352857963192982
NS-048,Air-or-Other,day_of_week,0.10288265983806047
NS-048,Air-or-Other,month,0.17632941886260592
NS-048,Air-or-Other,dow_sin,0.09469361910797974
NS-048,Air-or-Other,dow_cos,0.017833623844570393
NS-048,Air-or-Other,doy_sin,0.06205618611455519
NS-048,Air-or-Other,doy_cos,0.05108222845695906
NS-048,Air-or-Other,lag_1,0.03865914367784551
NS-048,Air-or-Other,lag_7,0.05147860563315042
NS-048,Air-or-Other,lag_14,0.04537765833200476
NS-048,Air-or-Other,lag_28,0.04564739757220946
NS-048,Air-or-Other,rolling_mean_7,0.08950883431487949
NS-048,Air-or-Other,rolling_mean_28,0.0622407980908407
NS-048,Air-or-Other,rolling_std_7,0.04320624085991501
NS-048,Air-or-Other,rolling_std_28,0.045475005662494045
