sku,market,channel,category,route_exposure,date,actual_units_sold,seasonal_naive_forecast,random_forest_forecast
NS-003,France,E-commerce,Home Storage,Asia-Suez,2022-06-03,30.0,25.0,26.625014071960695
NS-003,France,E-commerce,Home Storage,Asia-Suez,2022-06-04,28.0,34.0,27.948037000276496
NS-003,France,E-commerce,Home Storage,Asia-Suez,2022-06-05,23.0,35.0,26.378554360026772
NS-003,France,E-commerce,Home Storage,Asia-Suez,2022-06-06,20.0,25.0,22.844151776678597
NS-003,France,E-commerce,Home Storage,Asia-Suez,2022-06-07,25.0,17.0,22.609536959900492
NS-003,France,E-commerce,Home Storage,Asia-Suez,2022-06-08,25.0,26.0,23.048325538616297
NS-003,France,E-commerce,Home Storage,Asia-Suez,2022-06-09,24.0,21.0,23.8382989034728
NS-003,France,E-commerce,Home Storage,Asia-Suez,2022-06-10,34.0,25.0,24.63238061851196
NS-003,France,E-commerce,Home Storage,Asia-Suez,2022-06-11,31.0,31.0,27.310708698557416
NS-003,France,E-commerce,Home Storage,Asia-Suez,2022-06-12,23.0,28.0,24.65621111866513
NS-003,France,E-commerce,Home Storage,Asia-Suez,2022-06-13,20.0,22.0,20.22649474813008
NS-003,France,E-commerce,Home Storage,Asia-Suez,2022-06-14,29.0,22.0,18.935124280788003
NS-003,France,E-commerce,Home Storage,Asia-Suez,2022-06-15,30.0,22.0,22.365216480828167
NS-003,France,E-commerce,Home Storage,Asia-Suez,2022-06-16,30.0,28.0,23.689745248354956
NS-003,France,E-commerce,Home Storage,Asia-Suez,2022-06-17,32.0,16.0,23.912014314729106
NS-003,France,E-commerce,Home Storage,Asia-Suez,2022-06-18,33.0,32.0,27.65824177883667
NS-003,France,E-commerce,Home Storage,Asia-Suez,2022-06-19,37.0,34.0,24.63216246317663
NS-003,France,E-commerce,Home Storage,Asia-Suez,2022-06-20,18.0,30.0,19.21200122485813
NS-003,France,E-commerce,Home Storage,Asia-Suez,2022-06-21,13.0,24.0,19.374873273281032
NS-003,France,E-commerce,Home Storage,Asia-Suez,2022-06-22,26.0,16.0,22.717085952195294
NS-003,France,E-commerce,Home Storage,Asia-Suez,2022-06-23,22.0,26.0,23.75358622551034
NS-003,France,E-commerce,Home Storage,Asia-Suez,2022-06-24,27.0,30.0,24.286344168942247
NS-003,France,E-commerce,Home Storage,Asia-Suez,2022-06-25,39.0,24.0,27.45603885688061
NS-003,France,E-commerce,Home Storage,Asia-Suez,2022-06-26,32.0,22.0,25.545204741867305
NS-003,France,E-commerce,Home Storage,Asia-Suez,2022-06-27,17.0,20.0,19.79854419389633
NS-003,France,E-commerce,Home Storage,Asia-Suez,2022-06-28,22.0,15.0,19.76845713011152
NS-003,France,E-commerce,Home Storage,Asia-Suez,2022-06-29,32.0,34.0,22.90084722651187
NS-003,France,E-commerce,Home Storage,Asia-Suez,2022-06-30,21.0,25.0,23.36978346875668
NS-033,France,E-commerce,Home Storage,Regional-Europe,2022-06-03,17.0,13.0,17.96578627742927
NS-033,France,E-commerce,Home Storage,Regional-Europe,2022-06-04,18.0,24.0,20.134692988847025
NS-033,France,E-commerce,Home Storage,Regional-Europe,2022-06-05,10.0,16.0,17.528589363057755
NS-033,France,E-commerce,Home Storage,Regional-Europe,2022-06-06,13.0,10.0,14.594203101127965
NS-033,France,E-commerce,Home Storage,Regional-Europe,2022-06-07,12.0,12.0,15.764646117071383
NS-033,France,E-commerce,Home Storage,Regional-Europe,2022-06-08,14.0,12.0,17.987123074608657
NS-033,France,E-commerce,Home Storage,Regional-Europe,2022-06-09,7.0,18.0,18.012578032548387
NS-033,France,E-commerce,Home Storage,Regional-Europe,2022-06-10,26.0,17.0,18.608671086645334
NS-033,France,E-commerce,Home Storage,Regional-Europe,2022-06-11,16.0,22.0,20.162653333557056
NS-033,France,E-commerce,Home Storage,Regional-Europe,2022-06-12,11.0,16.0,17.63979299348509
NS-033,France,E-commerce,Home Storage,Regional-Europe,2022-06-13,20.0,16.0,14.451911983601837
NS-033,France,E-commerce,Home Storage,Regional-Europe,2022-06-14,16.0,15.0,14.999922120692803
NS-033,France,E-commerce,Home Storage,Regional-Europe,2022-06-15,16.0,23.0,18.519635550559595
NS-033,France,E-commerce,Home Storage,Regional-Europe,2022-06-16,12.0,19.0,17.300302921032664
NS-033,France,E-commerce,Home Storage,Regional-Europe,2022-06-17,17.0,16.0,17.918028196239042
NS-033,France,E-commerce,Home Storage,Regional-Europe,2022-06-18,11.0,20.0,20.440134718643705
NS-033,France,E-commerce,Home Storage,Regional-Europe,2022-06-19,9.0,15.0,17.87308898813234
NS-033,France,E-commerce,Home Storage,Regional-Europe,2022-06-20,9.0,17.0,14.054544794203624
NS-033,France,E-commerce,Home Storage,Regional-Europe,2022-06-21,16.0,24.0,14.516684726918093
NS-033,France,E-commerce,Home Storage,Regional-Europe,2022-06-22,18.0,13.0,17.564373157168777
NS-033,France,E-commerce,Home Storage,Regional-Europe,2022-06-23,8.0,21.0,16.671463986888853
NS-033,France,E-commerce,Home Storage,Regional-Europe,2022-06-24,18.0,22.0,17.955575023352296
NS-033,France,E-commerce,Home Storage,Regional-Europe,2022-06-25,16.0,22.0,20.06899532840431
NS-033,France,E-commerce,Home Storage,Regional-Europe,2022-06-26,15.0,14.0,17.642818074732016
NS-033,France,E-commerce,Home Storage,Regional-Europe,2022-06-27,12.0,12.0,14.452499830384534
NS-033,France,E-commerce,Home Storage,Regional-Europe,2022-06-28,18.0,14.0,15.3822612881029
NS-033,France,E-commerce,Home Storage,Regional-Europe,2022-06-29,20.0,22.0,17.70224083789495
NS-033,France,E-commerce,Home Storage,Regional-Europe,2022-06-30,16.0,17.0,16.585386167830464
NS-048,France,E-commerce,Home Storage,Air-or-Other,2022-06-03,28.0,40.0,36.25257879930269
NS-048,France,E-commerce,Home Storage,Air-or-Other,2022-06-04,41.0,44.0,39.465077918626925
NS-048,France,E-commerce,Home Storage,Air-or-Other,2022-06-05,34.0,49.0,39.19639524799111
NS-048,France,E-commerce,Home Storage,Air-or-Other,2022-06-06,27.0,34.0,31.3444191476191
NS-048,France,E-commerce,Home Storage,Air-or-Other,2022-06-07,28.0,25.0,32.45359771847012
NS-048,France,E-commerce,Home Storage,Air-or-Other,2022-06-08,38.0,26.0,32.72060068628307
NS-048,France,E-commerce,Home Storage,Air-or-Other,2022-06-09,34.0,32.0,31.402552080566608
NS-048,France,E-commerce,Home Storage,Air-or-Other,2022-06-10,35.0,41.0,36.70497696116781
NS-048,France,E-commerce,Home Storage,Air-or-Other,2022-06-11,33.0,42.0,40.699661803548906
NS-048,France,E-commerce,Home Storage,Air-or-Other,2022-06-12,45.0,36.0,38.383298259671044
NS-048,France,E-commerce,Home Storage,Air-or-Other,2022-06-13,24.0,23.0,31.057159997799207
NS-048,France,E-commerce,Home Storage,Air-or-Other,2022-06-14,23.0,29.0,32.856877664695794
NS-048,France,E-commerce,Home Storage,Air-or-Other,2022-06-15,38.0,41.0,32.4437956832399
NS-048,France,E-commerce,Home Storage,Air-or-Other,2022-06-16,33.0,30.0,33.18632474991379
NS-048,France,E-commerce,Home Storage,Air-or-Other,2022-06-17,27.0,31.0,36.16485073622643
NS-048,France,E-commerce,Home Storage,Air-or-Other,2022-06-18,33.0,37.0,41.42177023654308
NS-048,France,E-commerce,Home Storage,Air-or-Other,2022-06-19,47.0,34.0,38.26587199472069
NS-048,France,E-commerce,Home Storage,Air-or-Other,2022-06-20,21.0,31.0,31.051759287641918
NS-048,France,E-commerce,Home Storage,Air-or-Other,2022-06-21,36.0,40.0,31.009663780259835
NS-048,France,E-commerce,Home Storage,Air-or-Other,2022-06-22,24.0,29.0,32.33608917705746
NS-048,France,E-commerce,Home Storage,Air-or-Other,2022-06-23,32.0,42.0,32.498224418622684
NS-048,France,E-commerce,Home Storage,Air-or-Other,2022-06-24,41.0,35.0,35.59982855344419
NS-048,France,E-commerce,Home Storage,Air-or-Other,2022-06-25,43.0,45.0,40.595582525786476
NS-048,France,E-commerce,Home Storage,Air-or-Other,2022-06-26,32.0,36.0,38.209148234276334
NS-048,France,E-commerce,Home Storage,Air-or-Other,2022-06-27,31.0,43.0,30.575224336092756
NS-048,France,E-commerce,Home Storage,Air-or-Other,2022-06-28,35.0,28.0,32.12306275827156
NS-048,France,E-commerce,Home Storage,Air-or-Other,2022-06-29,40.0,23.0,32.20724718083013
NS-048,France,E-commerce,Home Storage,Air-or-Other,2022-06-30,30.0,37.0,32.221155689969294
