event_period,route_exposure,records,units_sold,avg_units_sold,cancelled_units,avg_cancelled_units,stockout_rate,avg_supplier_lead_days,avg_transit_delay_days,stockout_rate_pct,gross_margin_proxy,avg_gross_margin_proxy,pre_event_avg_units_sold,change_avg_units_sold_pct,pre_event_stockout_rate_pct,change_stockout_rate_points
Pre-event,Air-or-Other,3584,70159.0,19.575613839285715,17,0.004743303571428571,0.0025111607142857145,6.014808605755798,1.003070910106086,0.25111607142857145,3488619.95,975.2921302767683,19.575613839285715,0.0,0.25111607142857145,0.0
Pre-event,Asia-Suez,13439,218027.0,16.22707651086633,203,0.015105290572215194,0.008408363717538508,36.95073781487554,2.0145931055021964,0.8408363717538508,10438446.22,777.3062938416859,16.22707651086633,0.0,0.8408363717538508,0.0
Pre-event,Regional-Europe,5375,88243.0,16.423413363111855,45,0.008372093023255815,0.004465116279069767,12.182665424044734,0.9923649906890131,0.44651162790697674,4619546.23,861.2129436987324,16.423413363111855,0.0,0.44651162790697674,0.0
Blockage,Air-or-Other,447,9004.0,20.14317673378076,8,0.017897091722595078,0.006711409395973154,6.120805369127517,0.9664429530201343,0.6711409395973155,442799.25,990.6023489932886,19.575613839285715,2.8993363843131137,0.25111607142857145,0.420024868168744
Blockage,Asia-Suez,1680,28029.0,16.68392857142857,339,0.2017857142857143,0.09166666666666666,47.800476474091724,12.854761904761904,9.166666666666666,1335269.57,796.2251460942159,16.22707651086633,2.815368869779555,0.8408363717538508,8.325830294912816
Blockage,Regional-Europe,671,11684.0,17.412816691505217,6,0.00894187779433681,0.0029806259314456036,12.228358208955225,0.9567164179104478,0.29806259314456035,609572.73,912.5340269461077,16.423413363111855,6.024346501657392,0.44651162790697674,-0.1484490347624164
Early recovery,Air-or-Other,896,18814.0,20.997767857142858,28,0.03125,0.008928571428571428,6.071508379888268,1.0100446428571428,0.8928571428571428,926520.43,1035.2183575418994,19.575613839285715,7.264926809105029,0.25111607142857145,0.6417410714285714
Early recovery,Asia-Suez,3359,57933.0,17.247097350401905,236,0.07025900565644537,0.02977076510866329,43.90963316433045,8.982116244411326,2.977076510866329,2778418.44,827.8958402860549,16.22707651086633,6.285918716489242,0.8408363717538508,2.1362401391124783
Early recovery,Regional-Europe,1344,23345.0,17.369791666666668,20,0.01488095238095238,0.006696428571428571,12.330843913368184,1.01861504095309,0.6696428571428571,1230123.94,915.2707886904761,16.423413363111855,5.762372794442628,0.44651162790697674,0.22313122923588036
Later recovery,Air-or-Other,2686,57067.0,21.24609084139985,24,0.008935219657483246,0.005956813104988831,5.974683544303797,0.9631422189128817,0.5956813104988831,2843817.88,1059.9395751024972,19.575613839285715,8.533459107993364,0.25111607142857145,0.3445652390703116
Later recovery,Asia-Suez,10076,178300.0,17.699027198729404,348,0.03453751488685986,0.014489876935291782,39.923352221890845,4.998808578236696,1.4489876935291781,8534168.84,848.0740176885621,16.22707651086633,9.070954258935027,0.8408363717538508,0.6081513217753273
Later recovery,Regional-Europe,4029,72137.0,17.904442789774137,47,0.011665425663936461,0.0071978158351948375,12.123011928429424,0.9816057668406661,0.7197815835194837,3773397.57,938.4226734643123,16.423413363111855,9.017793036792087,0.44651162790697674,0.273269955612507
