week,route_exposure,units_sold,cancelled_units,stockout_rate,avg_supplier_lead_days,avg_transit_delay_days,stockout_rate_pct
2021-01-25,Air-or-Other,7492.0,3,0.0026041666666666665,6.010416666666667,1.015625,0.26041666666666663
2021-01-25,Asia-Suez,22685.0,14,0.00625,36.4721059972106,1.55,0.625
2021-01-25,Regional-Europe,9092.0,6,0.005208333333333333,12.29965156794425,1.0520833333333333,0.5208333333333333
2021-02-01,Air-or-Other,8482.0,0,0.002232142857142857,6.064732142857143,1.0178571428571428,0.2232142857142857
2021-02-01,Asia-Suez,26400.0,9,0.004761904761904762,36.4448419797257,1.4946428571428572,0.4761904761904762
2021-02-01,Regional-Europe,10573.0,4,0.0029806259314456036,12.192537313432835,0.9895678092399404,0.29806259314456035
2021-02-08,Air-or-Other,8454.0,6,0.004464285714285714,6.198660714285714,1.0379464285714286,0.4464285714285714
2021-02-08,Asia-Suez,26701.0,9,0.004761904761904762,36.47528290649196,1.494047619047619,0.4761904761904762
2021-02-08,Regional-Europe,10698.0,11,0.00744047619047619,12.125,0.9373134328358209,0.744047619047619
2021-02-15,Air-or-Other,8638.0,0,0.0,6.042505592841163,0.9665178571428571,0.0
2021-02-15,Asia-Suez,27172.0,15,0.005952380952380952,36.37343656938654,1.5452380952380953,0.5952380952380952
2021-02-15,Regional-Europe,10970.0,9,0.004464285714285714,12.19047619047619,1.0178837555886737,0.4464285714285714
2021-02-22,Air-or-Other,8852.0,2,0.002232142857142857,5.921700223713646,0.9977628635346756,0.2232142857142857
2021-02-22,Asia-Suez,27400.0,23,0.007142857142857143,37.3253873659118,2.3843861740166865,0.7142857142857143
2021-02-22,Regional-Europe,11243.0,7,0.002976190476190476,12.116591928251122,0.9567809239940388,0.2976190476190476
2021-03-01,Air-or-Other,8955.0,0,0.0,6.0,1.0201342281879195,0.0
2021-03-01,Asia-Suez,27629.0,43,0.015485407980941036,37.44576877234803,2.4877757901013715,1.5485407980941037
2021-03-01,Regional-Europe,11244.0,2,0.004464285714285714,12.14179104477612,0.9895833333333334,0.4464285714285714
2021-03-08,Air-or-Other,8989.0,3,0.004464285714285714,5.932885906040268,1.0089285714285714,0.4464285714285714
2021-03-08,Asia-Suez,28182.0,42,0.0125,37.41278375149343,2.475595238095238,1.25
2021-03-08,Regional-Europe,11340.0,0,0.0,12.059701492537313,0.9910714285714286,0.0
2021-03-15,Air-or-Other,9223.0,3,0.004464285714285714,5.959731543624161,0.9464285714285714,0.4464285714285714
2021-03-15,Asia-Suez,28559.0,38,0.01011904761904762,37.49017272185825,2.5271317829457365,1.0119047619047619
2021-03-15,Regional-Europe,11749.0,6,0.008928571428571428,12.351190476190476,1.014903129657228,0.8928571428571428
2021-03-22,Air-or-Other,8988.0,8,0.006711409395973154,6.060402684563758,1.0089485458612975,0.6711409395973155
2021-03-22,Asia-Suez,28061.0,297,0.07678571428571429,46.36748064324002,11.404407385348422,7.678571428571429
2021-03-22,Regional-Europe,11667.0,6,0.002976190476190476,12.166915052160954,0.9538002980625931,0.2976190476190476
2021-03-29,Air-or-Other,9315.0,19,0.008928571428571428,6.250559284116331,0.984375,0.8928571428571428
2021-03-29,Asia-Suez,28789.0,167,0.04047619047619048,44.46547619047619,9.565217391304348,4.0476190476190474
2021-03-29,Regional-Europe,11648.0,4,0.004470938897168405,12.31437125748503,1.0298507462686568,0.44709388971684055
2021-04-05,Air-or-Other,9506.0,9,0.006696428571428571,5.995535714285714,1.0111607142857142,0.6696428571428571
2021-04-05,Asia-Suez,29044.0,104,0.030375223347230494,43.92468619246862,8.988066825775656,3.0375223347230493
2021-04-05,Regional-Europe,11712.0,16,0.008928571428571428,12.419402985074626,1.0238095238095237,0.8928571428571428
2021-04-12,Air-or-Other,9410.0,3,0.006696428571428571,5.955357142857143,1.0089285714285714,0.6696428571428571
2021-04-12,Asia-Suez,29394.0,61,0.014889815366289458,41.49940334128878,6.477949940405244,1.4889815366289458
2021-04-12,Regional-Europe,11840.0,8,0.007451564828614009,12.276119402985074,0.9955223880597015,0.7451564828614009
2021-04-19,Air-or-Other,9416.0,1,0.006696428571428571,5.964285714285714,0.9776785714285714,0.6696428571428571
2021-04-19,Asia-Suez,30077.0,61,0.02026221692491061,40.95164179104478,5.960667461263409,2.026221692491061
2021-04-19,Regional-Europe,11923.0,11,0.00894187779433681,12.154992548435171,0.9715994020926756,0.8941877794336811
2021-04-26,Air-or-Other,9688.0,2,0.002232142857142857,6.127232142857143,0.8973214285714286,0.2232142857142857
2021-04-26,Asia-Suez,29842.0,65,0.015485407980941036,40.843265792610254,5.948779035139964,1.5485407980941037
2021-04-26,Regional-Europe,12072.0,7,0.00744047619047619,12.065573770491802,0.9850968703427719,0.744047619047619
2021-05-03,Air-or-Other,9672.0,3,0.004464285714285714,5.959821428571429,0.9174107142857143,0.4464285714285714
2021-05-03,Asia-Suez,29613.0,66,0.01369047619047619,40.99821215733016,6.081000595592615,1.369047619047619
2021-05-03,Regional-Europe,11990.0,8,0.002976190476190476,12.123695976154993,0.9955290611028316,0.2976190476190476
2021-05-10,Air-or-Other,9339.0,3,0.006726457399103139,5.955156950672646,0.9618834080717489,0.672645739910314
2021-05-10,Asia-Suez,29503.0,55,0.01369047619047619,38.26670644391408,3.4178571428571427,1.369047619047619
2021-05-10,Regional-Europe,12180.0,5,0.00744047619047619,11.992548435171386,0.96274217585693,0.744047619047619
2021-05-17,Air-or-Other,9485.0,12,0.011160714285714286,5.816964285714286,1.0,1.1160714285714286
2021-05-17,Asia-Suez,29845.0,50,0.01130952380952381,37.826475849731665,2.936829558998808,1.130952380952381
2021-05-17,Regional-Europe,12050.0,8,0.007451564828614009,12.129850746268657,0.9865871833084948,0.7451564828614009
2021-05-24,Air-or-Other,1140.0,0,0.0,6.109375,1.09375,0.0
2021-05-24,Asia-Suez,3393.0,7,0.016666666666666666,37.74476987447699,2.941666666666667,1.6666666666666667
2021-05-24,Regional-Europe,1418.0,0,0.010416666666666666,12.083333333333334,0.8333333333333334,1.0416666666666665
